[
	{
		"id": 4,
		"type": 1,
		"uid": 0,
		"statuemoney": 0,
		"statuepeople": 0,
		"statuemsg": 21,
		"statuemoneylvl": 0,
		"statuepeoplelvl": 0,
		"statuemsglvl": 0,
		"reg": "2024-12-21T18:58:04.814Z",
		"priz": false,
		"start": false,
		"gametime": 19,
		"game": true,
		"games": [
			{
				"result": 5,
				"stavka": true,
				"hash": "82c2ca1e95a3b12cd02ebabf764f78a2",
				"proverka": "5|dL55qkZABdVBdq7",
				"stavki": []
			}
		]
	},
	{
		"id": 1,
		"type": 1,
		"uid": 1,
		"statuemoney": 0,
		"statuepeople": 0,
		"statuemsg": 19,
		"statuemoneylvl": 0,
		"statuepeoplelvl": 0,
		"statuemsglvl": 0,
		"reg": "2025-02-23T03:09:38.281Z",
		"priz": false,
		"start": false,
		"gametime": 6,
		"game": true,
		"games": [
			{
				"result": 2,
				"stavka": true,
				"hash": "29691f297aca831220fc74d7f69ee36f",
				"proverka": "2|gJ2iDKnprrik65w",
				"stavki": []
			}
		]
	},
	{
		"id": 38,
		"type": 0,
		"uid": 2,
		"statuemoney": 0,
		"statuepeople": 0,
		"statuemsg": 4,
		"statuemoneylvl": 0,
		"statuepeoplelvl": 0,
		"statuemsglvl": 0,
		"reg": "2025-02-23T03:22:06.914Z",
		"priz": false,
		"start": false,
		"gametime": 60,
		"game": false,
		"games": []
	},
	{
		"id": 40,
		"type": 1,
		"uid": 3,
		"statuemoney": 0,
		"statuepeople": 0,
		"statuemsg": 40,
		"statuemoneylvl": 0,
		"statuepeoplelvl": 0,
		"statuemsglvl": 0,
		"reg": "2025-02-24T08:34:50.865Z",
		"priz": false,
		"start": false,
		"gametime": 22,
		"game": true,
		"games": [
			{
				"result": 2,
				"stavka": true,
				"hash": "c1f553f3906b395cd9535469b3d19db5",
				"proverka": "2|vHwuzKMReJjvatu",
				"stavki": []
			}
		]
	},
	{
		"id": 41,
		"type": 0,
		"uid": 4,
		"statuemoney": 0,
		"statuepeople": 0,
		"statuemsg": 3,
		"statuemoneylvl": 0,
		"statuepeoplelvl": 0,
		"statuemsglvl": 0,
		"reg": "2025-02-24T08:34:50.967Z",
		"priz": false,
		"start": false,
		"gametime": 60,
		"game": false,
		"games": []
	},
	{
		"id": 39,
		"type": 0,
		"uid": 5,
		"statuemoney": 0,
		"statuepeople": 0,
		"statuemsg": 2,
		"statuemoneylvl": 0,
		"statuepeoplelvl": 0,
		"statuemsglvl": 0,
		"reg": "2025-02-24T08:39:32.278Z",
		"priz": false,
		"start": false,
		"gametime": 60,
		"game": false,
		"games": []
	},
	{
		"id": 36,
		"type": 0,
		"uid": 6,
		"statuemoney": 0,
		"statuepeople": 0,
		"statuemsg": 2,
		"statuemoneylvl": 0,
		"statuepeoplelvl": 0,
		"statuemsglvl": 0,
		"reg": "2025-02-24T08:44:20.771Z",
		"priz": false,
		"start": false,
		"gametime": 60,
		"game": false,
		"games": []
	}
]