[
	{
		"user1": 2278,
		"user2": 0,
		"sum": 50000000
	},
	{
		"user1": 0,
		"user2": 32,
		"sum": 1
	},
	{
		"user1": 2,
		"user2": 466,
		"sum": 10000
	},
	{
		"user1": 144,
		"user2": 194,
		"sum": 10000
	},
	{
		"user1": 3,
		"user2": 466,
		"sum": 2
	},
	{
		"user1": 466,
		"user2": 0,
		"sum": 2
	},
	{
		"user1": 32,
		"user2": 1001,
		"sum": 15000
	},
	{
		"user1": 255,
		"user2": 195,
		"sum": 5000
	},
	{
		"user1": 885,
		"user2": 255,
		"sum": 555
	},
	{
		"user1": 194,
		"user2": 1001,
		"sum": 535681
	},
	{
		"user1": 890,
		"user2": 194,
		"sum": 535681
	},
	{
		"user1": 1001,
		"user2": 0,
		"sum": 1
	},
	{
		"user1": 66,
		"user2": 1001,
		"sum": 1000000
	},
	{
		"user1": 6,
		"user2": 1001,
		"sum": 700000
	},
	{
		"user1": 195,
		"user2": 0,
		"sum": 777
	}
]